	on_demand	greedy	time_sliced_1	time_sliced_1_avg	time_sliced_2	time_sliced_2_avg	time_sliced_4	time_sliced_4_avg	time_sliced_8	time_sliced_8_avg	time_sliced_16	time_sliced_16_avg	ideal
demand_raio	1.0	0.6594515268769798	0.4480908064441841	0.5118911571987588	0.45442979972997033	0.37845840193501523	0.41781008042962653	0.42340787903753835	0.5018609133095706	0.5113823639232256	0.595906920496278	0.6048553256562937	0.14823099128476336
